ID,Company_Name,Service_Type,Country,Search_Value,Original_Category
13956,CSC Global Services (Lux) Sàrl (LU),Central Administrations,LU,13956,Adminid
84129,1167 Capital LLP (GB),Central Administrations,GB,84129,Adminid
91738,12 NP SARL (LU),Central Administrations,LU,91738,Adminid
91334,1741 Fund Management AG (CH),Central Administrations,CH,91334,Adminid
105046,1741 Fund Management AG Lux Br (LU),Central Administrations,LU,105046,Adminid
84437,1741 Fund Solutions AG (CH),Central Administrations,CH,84437,Adminid
70833,3 Banken-Generali Investment-Ges. (AT),Central Administrations,AT,70833,Adminid
110002,6 Monks (6M) (LU),Central Administrations,LU,110002,Adminid
111366,Abeille Asset Management (FR),Central Administrations,FR,111366,Adminid
1595,Aberdeen Asset Management Plc (GB),Central Administrations,GB,1595,Adminid
73051,Aberdeen Private Wealth Mgt Ld (JE),Central Administrations,JE,73051,Adminid
82980,ABN AMRO Investment Solutions (FR),Central Administrations,FR,82980,Adminid
2372,ACATIS Investment KVG mbH (DE),Central Administrations,DE,2372,Adminid
87672,Accuro Fund Solutions AG (LI),Central Administrations,LI,87672,Adminid
99826,AcuFin Corp. LTD (MU),Central Administrations,MU,99826,Adminid
9843,Adepa Asset Management S.A. (LU),Central Administrations,LU,9843,Adminid
103012,AGAMA Advisors Sàrl (LU),Central Administrations,LU,103012,Adminid
73154,AIF Management Services S.A. (LU),Central Administrations,LU,73154,Adminid
68526,Alcyon SA (LU),Central Administrations,LU,68526,Adminid
72050,Alfred Berg Administration A/S (DK),Central Administrations,DK,72050,Adminid
16166,Alfred Berg Kapitalforvaltning AS (NO),Central Administrations,NO,16166,Adminid
10768,Allianz Global Investors GmbH (DE),Central Administrations,DE,10768,Adminid
72367,Allianz Global Investors GmbH Lux. B (LU),Central Administrations,LU,72367,Adminid
5654,Allianz Global Investors Ireland Ltd (IE),Central Administrations,IE,5654,Adminid
1509,Allianz Global Investors Lux. S.A. (LU),Central Administrations,LU,1509,Adminid
71837,Allianz Invest K. mbH (AT),Central Administrations,AT,71837,Adminid
15888,Alm. Brand Invest (DK),Central Administrations,DK,15888,Adminid
80206,Alpha Private Equity Funds Mgt Co (LU),Central Administrations,LU,80206,Adminid
69558,"ALPS Fund Services, Inc (US)",Central Administrations,US,69558,Adminid
72077,ALTE LEIPZIGER Trust Ivt-Gesellsch. (DE),Central Administrations,DE,72077,Adminid
10474,Alter Domus AA Fund Administration (LU),Central Administrations,LU,10474,Adminid
71113,Alter Domus Depositary Services Sàrl (LU),Central Administrations,LU,71113,Adminid
113644,Alter Domus Fund Services (IE) Ltd (IE),Central Administrations,IE,113644,Adminid
101545,Alter Domus Fund Services SAS (FR),Central Administrations,FR,101545,Adminid
51720,Alter Domus Luxembourg S.à r.l. (LU),Central Administrations,LU,51720,Adminid
18682,Alter Domus Management Company S.A. (LU),Central Administrations,LU,18682,Adminid
100373,Alter Domus Services Malta Limited (MT),Central Administrations,MT,100373,Adminid
101710,Altum Luxembourg S.A. (LU),Central Administrations,LU,101710,Adminid
113762,Amicorp Fund Services Luxembourg (LU),Central Administrations,LU,113762,Adminid
70749,Ampega Investment GmbH (DE),Central Administrations,DE,70749,Adminid
72014,Amundi Austria GmbH (AT),Central Administrations,AT,72014,Adminid
4617,Amundi Deutschland GmbH (DE),Central Administrations,DE,4617,Adminid
112563,Apex Corporate Services CH GmbH (CH),Central Administrations,CH,112563,Adminid
14072,Apex Fd and Corp Products S.A. (LU),Central Administrations,LU,14072,Adminid
103549,Apex Fd Services (Malta) Ltd (MT),Central Administrations,MT,103549,Adminid
101751,Apex Fund Services (BM),Central Administrations,BM,101751,Adminid
81263,Apex Fund Services (Ireland) Limited (IE),Central Administrations,IE,81263,Adminid
107965,Apex Fund Services (Mauritius) Ltd (MR),Central Administrations,MR,107965,Adminid
100366,Apex Fund Services S.A. (LU),Central Administrations,LU,100366,Adminid
100249,AQMetrics Limited (IE),Central Administrations,IE,100249,Adminid
105073,"Aquila Capital Ivt. mbH, Br. Lux (LU)",Central Administrations,LU,105073,Adminid
11322,Arc Asset Management S.A. (LU),Central Administrations,LU,11322,Adminid
84635,Arendt Investor Services S.A. (LU),Central Administrations,LU,84635,Adminid
91837,Ares Management Luxembourg (LU),Central Administrations,LU,91837,Adminid
88491,ARIA Limited (GB),Central Administrations,GB,88491,Adminid
82929,ARKK Compliance Limited (GB),Central Administrations,GB,82929,Adminid
16904,AS Avaron Asset Management (EE),Central Administrations,EE,16904,Adminid
72055,AS LHV Varahaldus (EE),Central Administrations,EE,72055,Adminid
80872,Asia Alternatives Management LLC (US),Central Administrations,US,80872,Adminid
100644,ASN Beleggingsinst. Beheer B.V. (NL),Central Administrations,NL,100644,Adminid
78308,Astorg Asset Management (LU),Central Administrations,LU,78308,Adminid
112407,Atoz Services S.A. (LU),Central Administrations,LU,112407,Adminid
2109,ATTRAX Financial Services S.A. (LU),Central Administrations,LU,2109,Adminid
81358,Auren Trust S.à .r.l. (LU),Central Administrations,LU,81358,Adminid
22805,AVANA Invest GMBH (DE),Central Administrations,DE,22805,Adminid
101386,Avega Capital Management S.A. (LU),Central Administrations,LU,101386,Adminid
108626,Avega Fund Services S.à r.l. (LU),Central Administrations,LU,108626,Adminid
114168,AXA IM Select France (FR),Central Administrations,FR,114168,Adminid
4200,Axa Investment Managers Deutsc. GmbH (DE),Central Administrations,DE,4200,Adminid
2443,AXA Investment Managers Paris (FR),Central Administrations,FR,2443,Adminid
87829,Aztec Financial Services (JE) LTD (JE),Central Administrations,JE,87829,Adminid
13959,Aztec Financial Services (Lux) S.A. (LU),Central Administrations,LU,13959,Adminid
87377,Aztec Financial Services (NL) B.V. (NL),Central Administrations,NL,87377,Adminid
87523,Baillie Gifford & Co Limited (GB),Central Administrations,GB,87523,Adminid
5127,Banca Popolare di Sondrio SCpA (IT),Central Administrations,IT,5127,Adminid
3135,Banco Inversis S.A. (ES),Central Administrations,ES,3135,Adminid
100927,Bank Frick & Co. AG (LI),Central Administrations,LI,100927,Adminid
10315,Bank of Bermuda Limited (KY),Central Administrations,KY,10315,Adminid
89830,"Bank of Communications Co., Ltd (CN)",Central Administrations,CN,89830,Adminid
87219,Bank of Ireland Securities Services (IE),Central Administrations,IE,87219,Adminid
101402,Bank of New York Mellon (SE),Central Administrations,SE,101402,Adminid
91133,Bank of NYM SA/NV Ndl Frankfurt (DE),Central Administrations,DE,91133,Adminid
72039,Bankhaus Schelhammer & Schattera K. (AT),Central Administrations,AT,72039,Adminid
1679,Bankinter S.A. (ES),Central Administrations,ES,1679,Adminid
1685,Banque Cantonale Vaudoise (CH),Central Administrations,CH,1685,Adminid
1474,Banque de Luxembourg S.A. (LU),Central Administrations,LU,1474,Adminid
18842,Banque de Patrimoines Privés S.A. (LU),Central Administrations,LU,18842,Adminid
2341,Banque Degroof Petercam S.A. (BE),Central Administrations,BE,2341,Adminid
2540,Banque Delen N.V. (BE),Central Administrations,BE,2540,Adminid
1478,Banque et Caisse d'Epargne de l'Etat (LU),Central Administrations,LU,1478,Adminid
42803,Banque Fédérative du Crédit Mutuel (FR),Central Administrations,FR,42803,Adminid
83654,Banque Havilland (Liechtenstein) AG (LI),Central Administrations,LI,83654,Adminid
10496,Banque J. Safra Sarasin (Lux) SA (LU),Central Administrations,LU,10496,Adminid
91843,Banque Lombard Odier & Cie SA (CH),Central Administrations,CH,91843,Adminid
91649,Batipart Participations S.A.S. (LU),Central Administrations,LU,91649,Adminid
4471,BayernInvest Kapitalanlagegesel. mbH (DE),Central Administrations,DE,4471,Adminid
4415,BayernInvest Luxembourg S.A. (LU),Central Administrations,LU,4415,Adminid
108021,Belasko Luxembourg S.à r.l. (LU),Central Administrations,LU,108021,Adminid
1807,Belfius Bank S.A. (BE),Central Administrations,BE,1807,Adminid
72052,BI Management A/S (DK),Central Administrations,DK,72052,Adminid
72812,BI-Invest Endowment Mgt S.à r.l. (LU),Central Administrations,LU,72812,Adminid
68022,BlackRock Asset Management DE AG (DE),Central Administrations,DE,68022,Adminid
71864,BlackRock Cayco Ltd (KY),Central Administrations,KY,71864,Adminid
69409,BlackRock Fund Managers Ltd (GB),Central Administrations,GB,69409,Adminid
81701,BLKB (CH),Central Administrations,CH,81701,Adminid
68856,BNP Paribas AM Europe S.A. (FR),Central Administrations,FR,68856,Adminid
5582,"BNP Paribas AM Europe, Belgian Br. (BE)",Central Administrations,BE,5582,Adminid
6264,"BNP Paribas AM Europe, Netherlands (NL)",Central Administrations,NL,6264,Adminid
1490,BNP Paribas AM Luxembourg S.A. (LU),Central Administrations,LU,1490,Adminid
83607,BNP Paribas Fd Admin. Services (IE),Central Administrations,IE,83607,Adminid
22807,BNP Paribas Fund Services Dublin Ltd (IE),Central Administrations,IE,22807,Adminid
18164,BNP Paribas Real Estate Ivt Mgt Lux (LU),Central Administrations,LU,18164,Adminid
72396,BNP Paribas REIM Germany GmbH (DE),Central Administrations,DE,72396,Adminid
4459,BNP Paribas S.A. (FR),Central Administrations,FR,4459,Adminid
3010,"BNP Paribas SA, German Branch (DE)",Central Administrations,DE,3010,Adminid
73821,"BNP Paribas SA, Italian Branch (IT)",Central Administrations,IT,73821,Adminid
101714,"BNP Paribas SA, Netherlands Branch (NL)",Central Administrations,NL,101714,Adminid
10965,BNP Paribas Securities Services (BE),Central Administrations,BE,10965,Adminid
63786,BNP Paribas Securities Services (FR),Central Administrations,FR,63786,Adminid
83719,BNP Paribas Securities Services SCA (BE),Central Administrations,BE,83719,Adminid
47975,BNP Paribas Trust Corporation UK Ld (GB),Central Administrations,GB,47975,Adminid
69545,"BNP Paribas, Dublin Branch (IE)",Central Administrations,IE,69545,Adminid
6314,"BNP Paribas, London Branch (GB)",Central Administrations,GB,6314,Adminid
100950,"BNP PARIBAS, Succursale à Monaco (MC)",Central Administrations,MC,100950,Adminid
15084,"BNP Paribas, Succursale de Lux (LU)",Central Administrations,LU,15084,Adminid
21290,BNY Mellon Fd Services (Ireland) Ltd (IE),Central Administrations,IE,21290,Adminid
22755,BNY Mellon Fund Managers Limited (GB),Central Administrations,GB,22755,Adminid
4356,BNY Mellon Fund Mgt (Luxembourg) SA (LU),Central Administrations,LU,4356,Adminid
81352,BNY Mellon Fund Services (Ireland) (IE),Central Administrations,IE,81352,Adminid
87969,BNY Mellon Fund Services (Ireland) (IE),Central Administrations,IE,87969,Adminid
22697,BNY Mellon Ivt Servicing (Intl) Ltd (IE),Central Administrations,IE,22697,Adminid
72252,BNY Mellon Service KAG (DE),Central Administrations,DE,72252,Adminid
21679,Bolder Luxembourg S.A. (LU),Central Administrations,LU,21679,Adminid
15042,"BONYM SA/NV, LUXEMBOURG BRANCH (THE) (LU)",Central Administrations,LU,15042,Adminid
87922,BOV Fund Services Limited (MT),Central Administrations,MT,87922,Adminid
5813,BRED Banque Populaire (FR),Central Administrations,FR,5813,Adminid
93322,Bridge Fund Management Ltd (IE),Central Administrations,IE,93322,Adminid
86605,Broad Street Luxembourg Sarl (LU),Central Administrations,LU,86605,Adminid
3863,Brown Brothers Harriman & Co. (US),Central Administrations,US,3863,Adminid
83289,Brown Brothers Harriman & Co. (US),Central Administrations,US,83289,Adminid
1491,Brown Brothers Harriman (Lux) S.C.A. (LU),Central Administrations,LU,1491,Adminid
17971,Brown Brothers Harriman Fd Ad. Serv. (IE),Central Administrations,IE,17971,Adminid
65675,Brown Brothers Harriman TS Ld (IE),Central Administrations,IE,65675,Adminid
4569,C Worldwide AM Fondsmæglerselskab (DK),Central Administrations,DK,4569,Adminid
4532,C WorldWide Fund Management S.A. (LU),Central Administrations,LU,4532,Adminid
108497,CA Indosuez (FR),Central Administrations,FR,108497,Adminid
4856,CA Indosuez Fund Solutions (LU),Central Administrations,LU,4856,Adminid
11841,CACEIS Bank (FR),Central Administrations,FR,11841,Adminid
110856,CACEIS BANK SPAIN S.A. (ES),Central Administrations,ES,110856,Adminid
5078,"CACEIS Bank, Belgium Branch (BE)",Central Administrations,BE,5078,Adminid
17167,"CACEIS Bank, Deutschland Branch (DE)",Central Administrations,DE,17167,Adminid
19422,"CACEIS Bank, Ireland Branch (IE)",Central Administrations,IE,19422,Adminid
80269,"CACEIS Bank, Italy Branch (IT)",Central Administrations,IT,80269,Adminid
2758,"CACEIS Bank, Luxembourg Branch (LU)",Central Administrations,LU,2758,Adminid
69457,"CACEIS Bank, Netherlands Branch (NL)",Central Administrations,NL,69457,Adminid
14886,"CACEIS Bank, Switzerland Branch (CH)",Central Administrations,CH,14886,Adminid
93854,"CACEIS Bank, UK Branch (GB)",Central Administrations,GB,93854,Adminid
19134,CACEIS Fund Administration (FR),Central Administrations,FR,19134,Adminid
84767,CACEIS HK Trust Co Ltd (HK),Central Administrations,HK,84767,Adminid
20960,CACEIS Investor Services Bank France (FR),Central Administrations,FR,20960,Adminid
1577,CACEIS Investor Services Bank S.A. (LU),Central Administrations,LU,1577,Adminid
6046,CACEIS Investor Services Bank SA CH (CH),Central Administrations,CH,6046,Adminid
22699,CACEIS Investor Services Bank SA IRL (IE),Central Administrations,IE,22699,Adminid
19962,CACEIS Investor Services Bank SA IT (IT),Central Administrations,IT,19962,Adminid
18403,CACEIS Investor Services Belgium (BE),Central Administrations,BE,18403,Adminid
22008,CACEIS Investor Services Ireland Ld (IE),Central Administrations,IE,22008,Adminid
101429,CACEIS Investor Services Trust UK (GB),Central Administrations,GB,101429,Adminid
19421,CACEIS Ireland Limited (IE),Central Administrations,IE,19421,Adminid
5470,CACEIS Netherlands (NL),Central Administrations,NL,5470,Adminid
80363,CAIAC Fund Management AG (LI),Central Administrations,LI,80363,Adminid
70227,Caibuo Capital SARL (LU),Central Administrations,LU,70227,Adminid
91561,Calamatta Cuschieri Fund Services Ld (MT),Central Administrations,MT,91561,Adminid
16637,Capfi Delen Asset Management S.A. (BE),Central Administrations,BE,16637,Adminid
67941,Capita Financial Admin (IE) Ltd (IE),Central Administrations,IE,67941,Adminid
22962,Capita Financial Administrators Ltd (GB),Central Administrations,GB,22962,Adminid
87929,Capita Registrars Ltd (GB),Central Administrations,GB,87929,Adminid
1875,Carnegie Fonder AB (SE),Central Administrations,SE,1875,Adminid
83126,"Castik Capital, S.à r.l. (LU)",Central Administrations,LU,83126,Adminid
72253,Catella Real Estate AG (DE),Central Administrations,DE,72253,Adminid
88030,CBRE Global Ivt Administration Lux (LU),Central Administrations,LU,88030,Adminid
115236,CBRE Luxembourg (LU),Central Administrations,LU,115236,Adminid
97262,CC Fund Services (Malta) Limited (MT),Central Administrations,MT,97262,Adminid
107632,"Centaur Fund Services US, Inc (US)",Central Administrations,US,107632,Adminid
14348,Centralis S.A. (LU),Central Administrations,LU,14348,Adminid
14965,CF Fund Services S.A. (LU),Central Administrations,LU,14965,Adminid
101750,Circle Investment Support Services (NL),Central Administrations,NL,101750,Adminid
10148,CITCO Bank Nederland N.V. Lux Branch (LU),Central Administrations,LU,10148,Adminid
81486,Citco Fund Services (CI) Ld (KY),Central Administrations,KY,81486,Adminid
11503,Citco Fund Services (Curaçao) N.V. (AN),Central Administrations,AN,11503,Adminid
71937,Citco Fund Services (Ireland) Ld (IE),Central Administrations,IE,71937,Adminid
2743,Citco Fund Services (Luxembourg) S.A (LU),Central Administrations,LU,2743,Adminid
22839,Citco Fund Services (Nederland) B.V. (NL),Central Administrations,NL,22839,Adminid
93367,Citco Fund Services Guernsey Ltd (GG),Central Administrations,GG,93367,Adminid
13976,Citco Reif Services (Luxembourg) SA (LU),Central Administrations,LU,13976,Adminid
65729,Citibank Europe plc (IE),Central Administrations,IE,65729,Adminid
1493,Citibank Europe PLC (Lux. Br.) (LU),Central Administrations,LU,1493,Adminid
100891,Citibank Europe Plc Netherlands B (NL),Central Administrations,NL,100891,Adminid
83373,Citibank Europe plc UK Branch (GB),Central Administrations,GB,83373,Adminid
66589,"Citibank International Plc, Ireland (IE)",Central Administrations,IE,66589,Adminid
19004,Citibank N.A. London Branch (GB),Central Administrations,GB,19004,Adminid
101484,"Citibank, N.A., Hong Kong Branch (HK)",Central Administrations,HK,101484,Adminid
98241,CLCF Partners S.A. (LU),Central Administrations,LU,98241,Adminid
94690,Colmore PS Ltd (GB),Central Administrations,GB,94690,Adminid
72512,Commerz Real Fund Management (LU),Central Administrations,LU,72512,Adminid
72395,Commerz Real Investmentg. mbH (DE),Central Administrations,DE,72395,Adminid
2269,C-QUADRAT Kapitalanlage AG (AT),Central Administrations,AT,2269,Adminid
88099,Credit Agricole Bank Romania S.A. (RO),Central Administrations,RO,88099,Adminid
60911,Crédit Coopératif (FR),Central Administrations,FR,60911,Adminid
1787,Crédit Industriel et Commercial (FR),Central Administrations,FR,1787,Adminid
6146,Crédit Mutuel Asset Management (FR),Central Administrations,FR,6146,Adminid
84611,Credit Suisse Asset Management (CH),Central Administrations,CH,84611,Adminid
22133,Credit Suisse Fds AG (CH),Central Administrations,CH,22133,Adminid
80422,Cromwell Funds Management Limited (AU),Central Administrations,AU,80422,Adminid
87896,CS Fd Services (IE) Ltd (IE),Central Administrations,IE,87896,Adminid
2666,Danske Bank A/S (DK),Central Administrations,DK,2666,Adminid
15908,Danske Invest Management A/S (DK),Central Administrations,DK,15908,Adminid
16867,DB Advisors Sicav (LU),Central Administrations,LU,16867,Adminid
2242,Deka International S.A. (LU),Central Administrations,LU,2242,Adminid
19786,Deka Investment GmbH (DE),Central Administrations,DE,19786,Adminid
100766,"Deka Vermögensmanagement GmbH, Br LU (LU)",Central Administrations,LU,100766,Adminid
1476,Delen Private Bank Luxembourg S.A. (LU),Central Administrations,LU,1476,Adminid
70756,Deloitte Legal (LU),Central Administrations,LU,70756,Adminid
2092,Deloitte Tax and Consulting SàRL (LU),Central Administrations,LU,2092,Adminid
20724,Delta Lloyd N.V. (NL),Central Administrations,NL,20724,Adminid
1575,Deutsche Bank Luxembourg S.A. (LU),Central Administrations,LU,1575,Adminid
72059,Dierickx Leys Private Bank N.V. (BE),Central Administrations,BE,72059,Adminid
1779,Dinamik S.A. (LU),Central Administrations,LU,1779,Adminid
112546,Divergent Investments S.à r.l. (LU),Central Administrations,LU,112546,Adminid
72868,DLA Piper Luxembourg (LU),Central Administrations,LU,72868,Adminid
25881,DNB Bank ASA (NO),Central Administrations,NO,25881,Adminid
74157,Domos FS Limited (GB),Central Administrations,GB,74157,Adminid
4877,DST Financial Services Intl Ld (GB),Central Administrations,GB,4877,Adminid
15446,Dubly Douilhet Gestion (FR),Central Administrations,FR,15446,Adminid
11432,Dubly Transatlantique Gestion (FR),Central Administrations,FR,11432,Adminid
109892,Duke Street General Partner Limited (GB),Central Administrations,GB,109892,Adminid
78332,"Dunross & CO S.A., SICAV-SIF (LU)",Central Administrations,LU,78332,Adminid
99940,DWS International GmbH (DE),Central Administrations,DE,99940,Adminid
5725,DWS Investment GmbH (DE),Central Administrations,DE,5725,Adminid
1510,DWS Investment S.A. (LU),Central Administrations,LU,1510,Adminid
1511,DZ Privatbank S.A. (LU),Central Administrations,LU,1511,Adminid
70945,ECE Real Estate Partners S. à r.l. (LU),Central Administrations,LU,70945,Adminid
1486,Edmond de Rothschild (Europe) (LU),Central Administrations,LU,1486,Adminid
1910,Edmond de Rothschild (France) (FR),Central Administrations,FR,1910,Adminid
10645,Edmond de Rothschild Asset Mgt (LU),Central Administrations,LU,10645,Adminid
12669,EFG Bank (Luxembourg) S.A. (LU),Central Administrations,LU,12669,Adminid
15974,Egns-INVEST Investeringsforvaltning. (DK),Central Administrations,DK,15974,Adminid
98061,Elmfield Limited (HK) (HK),Central Administrations,HK,98061,Adminid
83542,Engelwood Global Services (LU),Central Administrations,LU,83542,Adminid
113732,Epic Fund Services (Guernsey) Ld (GG),Central Administrations,GG,113732,Adminid
109872,EQT Exeter Services Luxembourg (LU),Central Administrations,LU,109872,Adminid
88485,Equi Capital Market SARL (LU),Central Administrations,LU,88485,Adminid
96225,Equinoxe Alternative Ivt Services (IE),Central Administrations,IE,96225,Adminid
13967,Equiom (Luxembourg) S.A. (LU),Central Administrations,LU,13967,Adminid
100518,Equity Trustees Fd Services (IE) Ltd (IE),Central Administrations,IE,100518,Adminid
100128,Equity Trustees Fund Services (GB),Central Administrations,GB,100128,Adminid
97797,Erste Asset Management GmbH (AT),Central Administrations,AT,97797,Adminid
6336,Erste-Sparinvest KAG (AT),Central Administrations,AT,6336,Adminid
77887,Estera Trust (Jersey) Limited (JE),Central Administrations,JE,77887,Adminid
93546,ESTM Ltd (MT),Central Administrations,MT,93546,Adminid
72254,ETFlab Investment GmbH (DE),Central Administrations,DE,72254,Adminid
96292,Eurazeo Funds Management Luxembourg (LU),Central Administrations,LU,96292,Adminid
89812,EURO NET ASSET VALUE (FR),Central Administrations,FR,89812,Adminid
1512,Eurobank Private Bank Lux S.A. (LU),Central Administrations,LU,1512,Adminid
88450,Euromobiliare AM SGR S.p.A. Lxg (LU),Central Administrations,LU,88450,Adminid
99863,Europe Dvt Gnl Part Fdr S.à r.L. (LU),Central Administrations,LU,99863,Adminid
71655,European Fd Administration France (FR),Central Administrations,FR,71655,Adminid
72072,Evli Fund Management Company Ltd (FI),Central Administrations,FI,72072,Adminid
87665,Evli-Rahastoyhtiö Oy (FI),Central Administrations,FI,87665,Adminid
84160,F&C Administration Centre (GB),Central Administrations,GB,84160,Adminid
88564,F&C Investment Business Limited (GB),Central Administrations,GB,88564,Adminid
77375,"F. VANLANSCHOT Bankiers, N.V. (BE)",Central Administrations,BE,77375,Adminid
100487,Fexserv Fund Services (Malta) Ld (MT),Central Administrations,MT,100487,Adminid
90434,FideField S.à r.l. (LU),Central Administrations,LU,90434,Adminid
14009,Fiducenter S.A. (LU),Central Administrations,LU,14009,Adminid
81399,Fiduciaire Treuconsult S.A. (LU),Central Administrations,LU,81399,Adminid
14010,Fidupar S.A. (LU),Central Administrations,LU,14010,Adminid
14973,Field Conseil Sàrl (LU),Central Administrations,LU,14973,Adminid
1516,FIL (Luxembourg) S.A. (LU),Central Administrations,LU,1516,Adminid
69732,FIL Fund Management (Ireland) Ltd (IE),Central Administrations,IE,69732,Adminid
4331,FIL Investmen Mgt (Lux) S.àr.l. (LU),Central Administrations,LU,4331,Adminid
83441,FIL Investment Services (UK) Limited (GB),Central Administrations,GB,83441,Adminid
4709,FIL Investments International (GB),Central Administrations,GB,4709,Adminid
88379,Financière d’Uzès (FR),Central Administrations,FR,88379,Adminid
21554,Finexis S.A. (LU),Central Administrations,LU,21554,Adminid
19250,First Private Investment Mgt KAG mbH (DE),Central Administrations,DE,19250,Adminid
87439,First State Investment Mgt (UK) Ld (GB),Central Administrations,GB,87439,Adminid
68302,Flossbach von Storch Invest S.A. (LU),Central Administrations,LU,68302,Adminid
72070,Fondita Rahastoyhtiö Oy (FI),Central Administrations,FI,72070,Adminid
9931,Fonditel Gestion (ES),Central Administrations,ES,9931,Adminid
80307,Formuepleje A/S (DK),Central Administrations,DK,80307,Adminid
72062,Formuepleje Fund Management A/S (DK),Central Administrations,DK,72062,Adminid
2099,Forvis Mazars (LU),Central Administrations,LU,2099,Adminid
73091,Forvis Mazars Advisory Services (LU),Central Administrations,LU,73091,Adminid
98592,France Titrisation (FR),Central Administrations,FR,98592,Adminid
73196,Franklin Templeton Fund Mgt Ld (GB),Central Administrations,GB,73196,Adminid
17774,Franklin Templeton Investments (Asia (HK),Central Administrations,HK,17774,Adminid
89834,FSI S.G.R. S.p.A. (IT),Central Administrations,IT,89834,Adminid
97950,FSQ Demo Cy (LU) Branch (LU),Central Administrations,LU,97950,Adminid
1521,FTIS Sàrl (LU),Central Administrations,LU,1521,Adminid
19620,Fund Solutions SCA (LU),Central Administrations,LU,19620,Adminid
107564,fundcraft Services S.à r.l. (LU),Central Administrations,LU,107564,Adminid
4692,Fundpartner Solutions (Europe) S.A. (LU),Central Administrations,LU,4692,Adminid
71821,FundPartner Solutions (Suisse) SA (CH),Central Administrations,CH,71821,Adminid
17147,FundRock LIS S.A. (LU),Central Administrations,LU,17147,Adminid
5093,FundRock Management Company S.A. (LU),Central Administrations,LU,5093,Adminid
94563,Funds-Axis Limited (GB),Central Administrations,GB,94563,Adminid
4783,Fundsight S.A (LU),Central Administrations,LU,4783,Adminid
21695,Fundsmith LLP (GB),Central Administrations,GB,21695,Adminid
72836,Fundsquare Demo Company (LU) (LU),Central Administrations,LU,72836,Adminid
60589,GAM Fund Management Limited (IE),Central Administrations,IE,60589,Adminid
17638,GAM Investment Mgt (Switzerland) SA (CH),Central Administrations,CH,17638,Adminid
101568,Ganado SARL (LU),Central Administrations,LU,101568,Adminid
17893,Gen II Fund Services (Luxembourg) (LU),Central Administrations,LU,17893,Adminid
100089,"Gen II Fund Services, LLC (US)",Central Administrations,US,100089,Adminid
15836,GEN II Luxembourg Services S.A R.L. (LU),Central Administrations,LU,15836,Adminid
5641,Generali Investments Deutschland (DE),Central Administrations,DE,5641,Adminid
2632,Gérifonds S.A. (CH),Central Administrations,CH,2632,Adminid
2754,Gestador S.A. (LU),Central Administrations,LU,2754,Adminid
84301,Gestman S.A. (LU),Central Administrations,LU,84301,Adminid
72811,Global General Partner S.A. (LU),Central Administrations,LU,72811,Adminid
80805,GlobeOp Financial Services (CYM) Ld (KY),Central Administrations,KY,80805,Adminid
80664,GlobeOp Financial Services (Ireland) (IE),Central Administrations,IE,80664,Adminid
12166,Golding Capital Partners Lux SA (LU),Central Administrations,LU,12166,Adminid
84119,GOLUB CAPITAL PARTNERS INT10 (KY),Central Administrations,KY,84119,Adminid
84118,GOLUB CAPITAL PARTNERS INT9 (KY),Central Administrations,KY,84118,Adminid
84587,"GOLUB CAPITAL PRTNRS INTLL 11, L.P. (KY)",Central Administrations,KY,84587,Adminid
17258,Grant Thornton Financial Services (LU),Central Administrations,LU,17258,Adminid
84421,GRESHAM Banque S.A. (FR),Central Administrations,FR,84421,Adminid
115187,GS & Co. LLC (US),Central Administrations,US,115187,Adminid
15982,Gudme Raaschou Invest A/S (DK),Central Administrations,DK,15982,Adminid
72019,Gutmann Kapitalanlageakt. (AT),Central Administrations,AT,72019,Adminid
2281,Handelsbanken Fonder AB (SE),Central Administrations,SE,2281,Adminid
6023,HANSAINVEST Hanseatische Ivt GmbH (DE),Central Administrations,DE,6023,Adminid
80804,Harmonic Fund Services (KY),Central Administrations,KY,80804,Adminid
101774,Harmonic Fund Services Ireland Ltd (IE),Central Administrations,IE,101774,Adminid
83191,Harmonic Fund Services Luxembourg SA (LU),Central Administrations,LU,83191,Adminid
17414,Hauck & Aufhäuser AS S.A. (LU),Central Administrations,LU,17414,Adminid
2709,Hauck & Aufhäuser Fund Services S.A. (LU),Central Administrations,LU,2709,Adminid
3100,Hauck Aufhäuser Lampe Privatbank AG (DE),Central Administrations,DE,3100,Adminid
73099,HedgeServ (Luxembourg) S.à r.l. (LU),Central Administrations,LU,73099,Adminid
71645,Hines Luxembourg Investment Mgt (LU),Central Administrations,LU,71645,Adminid
88548,HLD Associés Europe (LU),Central Administrations,LU,88548,Adminid
80321,Horseman Capital Management Limited (GB),Central Administrations,GB,80321,Adminid
87697,HOWZAT Asset Managers S.à r.l. (LU),Central Administrations,LU,87697,Adminid
115235,HSBC AM (Fund Services UK) Limited (GB),Central Administrations,GB,115235,Adminid
22799,HSBC Bank plc (GB),Central Administrations,GB,22799,Adminid
10774,"HSBC Continental Europe, Dublin (IE)",Central Administrations,IE,10774,Adminid
93379,"HSBC Continental Europe, Lux branch (LU)",Central Administrations,LU,93379,Adminid
11674,HSBC Global Asset Management (France (FR),Central Administrations,FR,11674,Adminid
5398,HSBC Global Asset Mgt (Hong Kong) Ld (HK),Central Administrations,HK,5398,Adminid
5086,HSBC Institutional Trust Services (HK),Central Administrations,HK,5086,Adminid
22859,HSBC Management (Guernsey) Limited (GG),Central Administrations,GG,22859,Adminid
4869,HSBC Securities Services (Guernsey) (GB),Central Administrations,GB,4869,Adminid
96477,HSBC Securities Services (Ireland) (IE),Central Administrations,IE,96477,Adminid
22366,HSBC Securities Services (Uk) Ltd (GB),Central Administrations,GB,22366,Adminid
10773,HSBC Securities Services Limited (IE),Central Administrations,IE,10773,Adminid
100875,HSBC SS (Bermuda) Ltd (BM),Central Administrations,BM,100875,Adminid
1524,HSBC Trinkaus Investment Managers SA (LU),Central Administrations,LU,1524,Adminid
12083,HSBC Trustee (Cayman) Limited (VG),Central Administrations,VG,12083,Adminid
11868,ID-Sparinvest A/S (DK),Central Administrations,DK,11868,Adminid
71805,IFM Independent Fund Management AG (LI),Central Administrations,LI,71805,Adminid
13301,IFS Independent Financial Service AG (CH),Central Administrations,CH,13301,Adminid
106386,IFSL International Ltd (IE),Central Administrations,IE,106386,Adminid
20306,Ignis Asset Management (GB),Central Administrations,GB,20306,Adminid
82664,IK Investment Partners Aifm (LU),Central Administrations,LU,82664,Adminid
94216,INDUNA S.A. (LU),Central Administrations,LU,94216,Adminid
98540,Indus Valley Partners India (Pvt.) (IN),Central Administrations,IN,98540,Adminid
1684,ING Belgique S.A. (BE),Central Administrations,BE,1684,Adminid
84348,Innovation Nest II GP sàrl (LU),Central Administrations,LU,84348,Adminid
68057,Institutional Investment Partners (LU),Central Administrations,LU,68057,Adminid
4741,Inter Fund Management S.A. (LU),Central Administrations,LU,4741,Adminid
98417,International Fd Services (N.A) LLC. (US),Central Administrations,US,98417,Adminid
87557,International Financial Data Serv. (GB),Central Administrations,GB,87557,Adminid
14958,Internationale Kapitalanlagegesellsc (DE),Central Administrations,DE,14958,Adminid
1558,Intesa Sanpaolo Bank Luxembourg S.A. (LU),Central Administrations,LU,1558,Adminid
11507,Intesa Sanpaolo Wealth Mgt (LU),Central Administrations,LU,11507,Adminid
99795,IntReal Luxembourg S.A. (LU),Central Administrations,LU,99795,Adminid
93257,Invesco Administration Centre (GB),Central Administrations,GB,93257,Adminid
5118,INVESCO Asset Management Asia Ltd (HK),Central Administrations,HK,5118,Adminid
16095,Invesco Global Asset Management Ltd (IE),Central Administrations,IE,16095,Adminid
82119,Invesco Perpetual Administration C (GB),Central Administrations,GB,82119,Adminid
15453,Invesco Real Estate Management Sàrl (LU),Central Administrations,LU,15453,Adminid
87485,Invest Administration A/S (DK),Central Administrations,DK,87485,Adminid
84021,Investment Fund Services Limited (GB),Central Administrations,GB,84021,Adminid
81252,IPES (Jersey) Limited (JE),Central Administrations,JE,81252,Adminid
10937,IQ-EQ (Luxembourg) S.A. (LU),Central Administrations,LU,10937,Adminid
6243,J. Safra Sarasin Investmentfonds AG (CH),Central Administrations,CH,6243,Adminid
3561,J.P. Morgan Administration Serv. Ltd (IE),Central Administrations,IE,3561,Adminid
1529,J.P. Morgan Bank Luxembourg S.A. (LU),Central Administrations,LU,1529,Adminid
19435,"J.P. Morgan Chase Bank, N.A. (GB)",Central Administrations,GB,19435,Adminid
17159,J.P. Morgan Europe Limited (GB),Central Administrations,GB,17159,Adminid
85065,J.P. Morgan Europe Limited (GB),Central Administrations,GB,85065,Adminid
71673,J.P. Morgan Management (Jersey) Ld (JE),Central Administrations,JE,71673,Adminid
21358,J.P. Morgan Private Investments Inc (US),Central Administrations,US,21358,Adminid
107471,J.P. Morgan SE - Luxembourg Branch (LU),Central Administrations,LU,107471,Adminid
3504,J.P. Morgan Securities plc (GB),Central Administrations,GB,3504,Adminid
80793,JF India Management Limited (VG),Central Administrations,VG,80793,Adminid
22560,JP Morgan Bank (Ireland) plc (IE),Central Administrations,IE,22560,Adminid
90003,JP Morgan PE Real Estate Services (LU),Central Administrations,LU,90003,Adminid
1530,JPMorgan Asset Management (EU) Sàrl (LU),Central Administrations,LU,1530,Adminid
17793,JPMorgan Chase & Co. (US),Central Administrations,US,17793,Adminid
2144,JPMorgan Chase Bank N.A. (US),Central Administrations,US,2144,Adminid
3506,"JPMorgan Chase Bank, London Branch (GB)",Central Administrations,GB,3506,Adminid
80806,"JPMorgan Chase Bank, N.A. Singapore (SG)",Central Administrations,SG,80806,Adminid
3563,JPMorgan Funds (Asia) Limited (HK),Central Administrations,HK,3563,Adminid
73384,JPMorgan Hedge Fund Services Ld (IE),Central Administrations,IE,73384,Adminid
18791,JTC (Luxembourg) S.A. (LU),Central Administrations,LU,18791,Adminid
112565,JTC Corporate Services (Luxembourg) (LU),Central Administrations,LU,112565,Adminid
87762,JTC Fund Services (UK) Limited (GB),Central Administrations,GB,87762,Adminid
103087,JTC Fund Solutions (GG Ltd) (GG),Central Administrations,GG,103087,Adminid
72026,Julius Meinl Investment GmbH (AT),Central Administrations,AT,72026,Adminid
113763,Juniper Square Luxembourg S.à r.l. (LU),Central Administrations,LU,113763,Adminid
22568,Jupiter Unit Trust Managers Limited (GB),Central Administrations,GB,22568,Adminid
17292,Jyske Invest Fund Management A/S (DK),Central Administrations,DK,17292,Adminid
10125,Kairos Partners SGR S.p.A. (IT),Central Administrations,IT,10125,Adminid
72397,KanAm Grund Kapitalanlag. mbH (DE),Central Administrations,DE,72397,Adminid
11710,KAS BANK N.V. (NL),Central Administrations,NL,11710,Adminid
72387,KAS Investment Servicing GmbH (DE),Central Administrations,DE,72387,Adminid
5531,KBC Asset Management NV (BE),Central Administrations,BE,5531,Adminid
1907,Kempen & Co N.V. (NL),Central Administrations,NL,1907,Adminid
72023,KEPLER-FONDS Kapital. m.b.H. (AT),Central Administrations,AT,72023,Adminid
80659,Kinesis Holdings I Limited (BM),Central Administrations,BM,80659,Adminid
81419,KPMG Services S.à R.L. (LU),Central Administrations,LU,81419,Adminid
1532,Kredietrust Luxembourg S.A. (LU),Central Administrations,LU,1532,Adminid
2383,Kreissparkasse Köln (DE),Central Administrations,DE,2383,Adminid
1676,Landesbank Berlin Investment GmbH (DE),Central Administrations,DE,1676,Adminid
71264,Langham Hall Luxembourg S.à r.l. (LU),Central Administrations,LU,71264,Adminid
87868,Lawaisse beursvennootschap NV (BE),Central Administrations,BE,87868,Adminid
67821,Lazard Asset Management (DE) GmbH (DE),Central Administrations,DE,67821,Adminid
72504,Lazard Frères Gestion SAS (FR),Central Administrations,FR,72504,Adminid
18157,LBBW Asset Management Invest. mbH (DE),Central Administrations,DE,18157,Adminid
14582,"LBREP II Europe S.à R.L., SICAR (LU)",Central Administrations,LU,14582,Adminid
14583,"LBREP III Europe S.à R.L., SICAR (LU)",Central Administrations,LU,14583,Adminid
68129,Lecocqassociate Ltd (MT),Central Administrations,MT,68129,Adminid
80197,Legal & General Unit Trust Managers (GB),Central Administrations,GB,80197,Adminid
22696,Legg Mason Investment Funds Limited (GB),Central Administrations,GB,22696,Adminid
68230,LGT Financial Services AG (LI),Central Administrations,LI,68230,Adminid
111978,LGT Fund Administrators (Lux) Sàrl (LU),Central Administrations,LU,111978,Adminid
72247,LHI Management Luxembourg S.A. (LU),Central Administrations,LU,72247,Adminid
88347,Link Alternative Fund Administrators (GB),Central Administrations,GB,88347,Adminid
100094,Link Fund Administrators (IRL) Ld (IE),Central Administrations,IE,100094,Adminid
22950,LLB Fund Services AG (LI),Central Administrations,LI,22950,Adminid
72012,LLB Invest Kapitalanlagegesell. mbH (AT),Central Administrations,AT,72012,Adminid
100448,LLB Swiss Investment AG (CH),Central Administrations,CH,100448,Adminid
18836,Lombard Odier Funds (Europe) S.A. (LU),Central Administrations,LU,18836,Adminid
1536,LRI Invest S.A. (LU),Central Administrations,LU,1536,Adminid
98590,LTIDPL IndvIT Services LTD (India) (IN),Central Administrations,IN,98590,Adminid
87606,Lupus alpha Investment GmbH (DE),Central Administrations,DE,87606,Adminid
54206,Lupus alpha KAG mbH (DE),Central Administrations,DE,54206,Adminid
21542,Luxembourg Fund Services S.A. (LU),Central Administrations,LU,21542,Adminid
15282,Luxempart (LU),Central Administrations,LU,15282,Adminid
10274,M&G Securities Limited (GB),Central Administrations,GB,10274,Adminid
81804,M3 Investment Group (Lux) Sàrl (LU),Central Administrations,LU,81804,Adminid
100608,Maitland Administration (GG) Ltd (GG),Central Administrations,GG,100608,Adminid
80560,Maitland Administration Limited (US),Central Administrations,US,80560,Adminid
87765,Maitland Institutional Services Ltd (GB),Central Administrations,GB,87765,Adminid
6223,Maitland Luxembourg S.A. (LU),Central Administrations,LU,6223,Adminid
17491,Man Fund Management (Guernsey) Ltd (GG),Central Administrations,GG,17491,Adminid
84098,Maples FS Holdings Ltd (KY),Central Administrations,KY,84098,Adminid
80415,Maples Fund Services (Ireland) Ld (IE),Central Administrations,IE,80415,Adminid
14053,MaplesFS (Luxembourg) S.A. (LU),Central Administrations,LU,14053,Adminid
81599,Marlborough Fund Managers Limited (GB),Central Administrations,GB,81599,Adminid
73142,Massena Partners SA (LU),Central Administrations,LU,73142,Adminid
20008,Masséna Wealth Management (LU),Central Administrations,LU,20008,Adminid
72022,MASTERINVEST Kapitalanlage GmbH (AT),Central Administrations,AT,72022,Adminid
10000,MEAG MUNICH ERGO Kapitalanlag. mbH (DE),Central Administrations,DE,10000,Adminid
71260,Median Services (Lux) SA (LU),Central Administrations,LU,71260,Adminid
13378,Metzler Asset Management GmbH (DE),Central Administrations,DE,13378,Adminid
72191,Metzler Investment GmbH (DE),Central Administrations,DE,72191,Adminid
72410,Metzler Ireland Limited (IE),Central Administrations,IE,72410,Adminid
2113,Mitsubishi UFJ Investor S&B (Lux) SA (LU),Central Administrations,LU,2113,Adminid
1540,Mizuho Trust & Banking Luxembourg SA (LU),Central Administrations,LU,1540,Adminid
72398,Monega Kapitalanlageg. mbH (DE),Central Administrations,DE,72398,Adminid
115120,Morgan Stanley Fd Serv (Cayman) Ltd. (KY),Central Administrations,KY,115120,Adminid
3037,Moventum S.C.A. (LU),Central Administrations,LU,3037,Adminid
98758,MPE Manager Lux Sàrl (LU),Central Administrations,LU,98758,Adminid
83387,MPMF Fund Management (Ireland) Ld (IE),Central Administrations,IE,83387,Adminid
84391,MUFG Alternative Fd Svs (IE) Ltd (IE),Central Administrations,IE,84391,Adminid
71920,Munich Private Eq Partners Mgt S.A. (LU),Central Administrations,LU,71920,Adminid
22800,National Westminster Bank plc (GB),Central Administrations,GB,22800,Adminid
21133,navAXX S.A. (LU),Central Administrations,LU,21133,Adminid
14899,Ninety One Guernsey Limited (GG),Central Administrations,GG,14899,Adminid
92122,"Noble Hospitality Fund IV-I GP, LLC (US)",Central Administrations,US,92122,Adminid
72415,Nomura Asset Mgt Deutschland KAG mbH (DE),Central Administrations,DE,72415,Adminid
1542,Nomura Bank (Luxembourg) S.A. (LU),Central Administrations,LU,1542,Adminid
2833,Nordea Bank AB (SE),Central Administrations,SE,2833,Adminid
51645,Nordea Invest Fund Management A/S (DK),Central Administrations,DK,51645,Adminid
4740,Nordea Investment Funds S.A. (LU),Central Administrations,LU,4740,Adminid
87264,Nordic Equities Kapitalförvaltning (SE),Central Administrations,SE,87264,Adminid
68971,Northern Trust Fiduciary Services L (IE),Central Administrations,IE,68971,Adminid
93547,Northern Trust Global Services A Br (NL),Central Administrations,NL,93547,Adminid
71841,Northern Trust Global Services Ld (GB),Central Administrations,GB,71841,Adminid
56507,Northern Trust Global Services SE (LU),Central Administrations,LU,56507,Adminid
70308,Northern Trust I Fd AS (Ireland) Ld (IE),Central Administrations,IE,70308,Adminid
11296,Northern Trust IFAS Ltd (GG),Central Administrations,GG,11296,Adminid
5229,Northern Trust Luxembourg Mgt Co. SA (LU),Central Administrations,LU,5229,Adminid
69263,NorthernTrustSecurServices (IE) Ltd (IE),Central Administrations,IE,69263,Adminid
108647,NoW Corporate Solutions (LU),Central Administrations,LU,108647,Adminid
72064,Nykredit Portefølje Administration (DK),Central Administrations,DK,72064,Adminid
68336,Oaklet S.A. (LU),Central Administrations,LU,68336,Adminid
82338,Ocorian (Luxembourg) S.A. (LU),Central Administrations,LU,82338,Adminid
105095,Ocorian Administration (UK) Limited (GB),Central Administrations,GB,105095,Adminid
12831,Ocorian Fund Management S.à r.l. (LU),Central Administrations,LU,12831,Adminid
100704,Ocorian LCO S.à r.l. (LU),Central Administrations,LU,100704,Adminid
21413,Ocorian Services (Luxembourg) Sàrl (LU),Central Administrations,LU,21413,Adminid
1520,ODDO BHF Asset Management Lux (LU),Central Administrations,LU,1520,Adminid
15946,Oddo BHF SCA (FR),Central Administrations,FR,15946,Adminid
101308,ONE Group Solutions (LU),Central Administrations,LU,101308,Adminid
5807,Oppenheim Kapital (DE),Central Administrations,DE,5807,Adminid
115152,Opportunity Financial Services S.A. (LU),Central Administrations,LU,115152,Adminid
81466,Orangefield Legis Fund Services Ld (GG),Central Administrations,GG,81466,Adminid
87814,Paddock Corporate Services (LU),Central Administrations,LU,87814,Adminid
19937,PANDOO Administration (LU),Central Administrations,LU,19937,Adminid
87289,Park Square Capital Lux Mgt Serv (LU),Central Administrations,LU,87289,Adminid
68391,Partners Group (Luxembourg) S.A. (LU),Central Administrations,LU,68391,Adminid
18179,Partners Group (UK) Ltd (GB),Central Administrations,GB,18179,Adminid
91502,Partners Group (USA) (US),Central Administrations,US,91502,Adminid
83588,Patron Capital EU GP S.à r.l. (LU),Central Administrations,LU,83588,Adminid
113675,PECOMA Actuarial And Risk S.A. (LU),Central Administrations,LU,113675,Adminid
74477,Pergam International S.A. (LU),Central Administrations,LU,74477,Adminid
81907,Phoenix Fund Services (UK) Ltd (GB),Central Administrations,GB,81907,Adminid
105980,Phoenix PSF (LU),Central Administrations,LU,105980,Adminid
4978,Pictet Asset Management S.A. (CH),Central Administrations,CH,4978,Adminid
11411,Pioneer Investments Austria GmbH (AT),Central Administrations,AT,11411,Adminid
108645,Praxis Luxembourg S.A. (LU),Central Administrations,LU,108645,Adminid
89704,Prior&Nilsson Fond och Kapitalf. AB (SE),Central Administrations,SE,89704,Adminid
4603,Prologis Management Services Sàrl (LU),Central Administrations,LU,4603,Adminid
87991,PSG YC GP L.L.C. (US),Central Administrations,US,87991,Adminid
18628,Pure Capital S.A. (LU),Central Administrations,LU,18628,Adminid
72359,PwC Regulated Solutions S.à r.l. (LU),Central Administrations,LU,72359,Adminid
72675,"QIAM, Quality Investment Asset Mgt (LU)",Central Administrations,LU,72675,Adminid
87956,R&H Fund Services (Jersey) Limited (JE),Central Administrations,JE,87956,Adminid
14067,Radices Financial Services S.A. (LU),Central Administrations,LU,14067,Adminid
5697,Raiffeisen Kapitalanlage-Gesell. mbH (AT),Central Administrations,AT,5697,Adminid
72015,Raiffeisen Salzburg Invest Kap. GmbH (AT),Central Administrations,AT,72015,Adminid
14012,Reference Financial Services S.A. (LU),Central Administrations,LU,14012,Adminid
87007,Renta 4 Banco S.A. (ES),Central Administrations,ES,87007,Adminid
112502,Revantage Global Services Europe (LU),Central Administrations,LU,112502,Adminid
72030,RINGTURM Kapitalanlag. mbH (AT),Central Administrations,AT,72030,Adminid
98601,Riverside Europe Partners S.à r.l. (LU),Central Administrations,LU,98601,Adminid
10689,Robeco Institutional Asset Mgt B.V. (NL),Central Administrations,NL,10689,Adminid
84024,Rockpoint Group LLC (US),Central Administrations,US,84024,Adminid
68861,RREEF Investment GmbH (DE),Central Administrations,DE,68861,Adminid
70175,RSM Financial Services Luxembourg (LU),Central Administrations,LU,70175,Adminid
87495,"Sabadell Asset Management, SA SGIIC (ES)",Central Administrations,ES,87495,Adminid
14071,Saltgate S.A. (LU),Central Administrations,LU,14071,Adminid
100937,Sanne (US),Central Administrations,US,100937,Adminid
73021,Sanne Group (Guernsey) Limited (GG),Central Administrations,GG,73021,Adminid
65485,SANNE GROUP (LUXEMBOURG) S.A (LU),Central Administrations,LU,65485,Adminid
15727,Santander Asset Management S.G.I.I.C (ES),Central Administrations,ES,15727,Adminid
93313,Santander UK Plc (GB),Central Administrations,GB,93313,Adminid
72031,SCHOELLERBANK INVEST AG (AT),Central Administrations,AT,72031,Adminid
18805,Schroder Investment Management AG (CH),Central Administrations,CH,18805,Adminid
2884,Schroder Investment Management Ltd (GB),Central Administrations,GB,2884,Adminid
1554,Schroder Investment Mgt (Europe) SA (LU),Central Administrations,LU,1554,Adminid
68970,Scottish Mutual International Fd M (IE),Central Administrations,IE,68970,Adminid
87770,Scottish Widows Unit Trust Managers (GB),Central Administrations,GB,87770,Adminid
6458,SEB Investment GmbH (DE),Central Administrations,DE,6458,Adminid
44317,Security Kapitalanlage AG (AT),Central Administrations,AT,44317,Adminid
88593,SEI Global Services Inc (GB),Central Administrations,GB,88593,Adminid
105371,SEI Investments -Luxembourg S.A. (LU),Central Administrations,LU,105371,Adminid
72541,SEI Invts - Glob Fd Services Ltd (IE),Central Administrations,IE,72541,Adminid
72074,Seligson & Co Fund Management Co Plc (FI),Central Administrations,FI,72074,Adminid
22251,SGSS Deutschland Kapitalanlagegesel. (DE),Central Administrations,DE,22251,Adminid
72417,Siemens Fonds Invest GmbH (DE),Central Administrations,DE,72417,Adminid
17572,SKAGEN AS (NO),Central Administrations,NO,17572,Adminid
2021,Skandinaviska Enskilda Banken AB (SE),Central Administrations,SE,2021,Adminid
65310,Skandinaviska Enskilda Banken AB (SE),Central Administrations,SE,65310,Adminid
1541,SMBC Nikko Bank (Luxembourg) S.A. (LU),Central Administrations,LU,1541,Adminid
70542,Smith & Williamson Fd Adm. Ld (GB),Central Administrations,GB,70542,Adminid
2806,Société Générale Luxembourg S.A. (LU),Central Administrations,LU,2806,Adminid
2028,Société Générale S.A. (FR),Central Administrations,FR,2028,Adminid
84133,Société Générale Securities Services (DE),Central Administrations,DE,84133,Adminid
22455,Société Générale Securities Services (FR),Central Administrations,FR,22455,Adminid
68392,Société Générale Securities Services (GB),Central Administrations,GB,68392,Adminid
73381,Société Générale Securities Services (IE),Central Administrations,IE,73381,Adminid
13125,Société Générale Securities Services (IT),Central Administrations,IT,13125,Adminid
68407,"Société Générale, Dublin Branch (IE)",Central Administrations,IE,68407,Adminid
14907,Sofina Invest S.A (LU),Central Administrations,LU,14907,Adminid
72796,Sonae Sierra (PT),Central Administrations,PT,72796,Adminid
71808,Spängler IQAM Invest GmbH (AT),Central Administrations,AT,71808,Adminid
72068,S-Pankki Rahastoyhtiö Oy (FI),Central Administrations,FI,72068,Adminid
80970,SPF - Sierra Portugal (LU),Central Administrations,LU,80970,Adminid
70224,SS&C (Luxembourg) SARL (LU),Central Administrations,LU,70224,Adminid
87624,SS&C Financial Services (Ireland) (IE),Central Administrations,IE,87624,Adminid
100924,SS&C Financial Services Europe Ltd (GB),Central Administrations,GB,100924,Adminid
100923,SS&C Financial Services Intl Ltd (GB),Central Administrations,GB,100923,Adminid
91297,SS&C Fund Services (Cayman) Ltd (KY),Central Administrations,KY,91297,Adminid
101674,SS&C Technologies Inc. NY (US),Central Administrations,US,101674,Adminid
14026,Standish Management (Lux) Sàrl (LU),Central Administrations,LU,14026,Adminid
2997,State Steet Bank GmbH (DE),Central Administrations,DE,2997,Adminid
112090,"State Street (Cayman) Trust, Limited (KY)",Central Administrations,KY,112090,Adminid
105138,State Street Bank & Trust Cpny SG Br (SG),Central Administrations,SG,105138,Adminid
22957,State Street Bank and Trust Company (GB),Central Administrations,GB,22957,Adminid
2336,State Street Bank and Trust Company (US),Central Administrations,US,2336,Adminid
71776,State Street Bank GmbH - Munich (DE),Central Administrations,DE,71776,Adminid
84246,State Street Bank International GmbH (DE),Central Administrations,DE,84246,Adminid
3861,State Street Bank International GmbH (FR),Central Administrations,FR,3861,Adminid
102836,"State Street Bank Intl GmbH, Amst br (NL)",Central Administrations,NL,102836,Adminid
17390,"State Street Bank Intl GmbH, Lux Br. (LU)",Central Administrations,LU,17390,Adminid
110584,State Street Cayman Trust Company (KY),Central Administrations,KY,110584,Adminid
10003,State Street Custodial Services Ltd (IE),Central Administrations,IE,10003,Adminid
70852,State Street Int GmbH Zurich Br. (CH),Central Administrations,CH,70852,Adminid
10002,State Street Intl Ireland Ltd (IE),Central Administrations,IE,10002,Adminid
4878,State Street Trustees Limited (GB),Central Administrations,GB,4878,Adminid
21875,Stonehage Fleming Luxembourg S.A (LU),Central Administrations,LU,21875,Adminid
83390,Storebrand Asset Management AS (NO),Central Administrations,NO,83390,Adminid
108649,STORK SAF GP (LU),Central Administrations,LU,108649,Adminid
107688,Studio Palandrani (IT),Central Administrations,IT,107688,Adminid
12454,Südwestbank AG (DE),Central Administrations,DE,12454,Adminid
10290,Svenska Handelsbanken AB (publ) (SE),Central Administrations,SE,10290,Adminid
22910,Swedbank AB (publ) (SE),Central Administrations,SE,22910,Adminid
22712,Swedbank AB (Publ) Luxembourg Branch (LU),Central Administrations,LU,22712,Adminid
17494,Swedbank AS (EE),Central Administrations,EE,17494,Adminid
84130,Swiss Financial Services (Ireland) L (IE),Central Administrations,IE,84130,Adminid
10400,Swisscanto Asset Management Intl SA (LU),Central Administrations,LU,10400,Adminid
5709,Swisscanto Fondsleitung AG (CH),Central Administrations,CH,5709,Adminid
72053,Syd Fund Management A/S (DK),Central Administrations,DK,72053,Adminid
87518,T. Bailey Fund Services Limited (GB),Central Administrations,GB,87518,Adminid
22753,The Bank of New York Mellon Intl UK (GB),Central Administrations,GB,22753,Adminid
80201,The Bank of New York Mellon SA (NL),Central Administrations,NL,80201,Adminid
98619,The Bank of New York Mellon SA/NV (BE),Central Administrations,BE,98619,Adminid
72078,The Bank of New York Mellon SA/NV (DE),Central Administrations,DE,72078,Adminid
5637,The Bank of New York Mellon SA/NV LU (LU),Central Administrations,LU,5637,Adminid
93323,The Carlyle Group (Luxembourg) Sàrl (LU),Central Administrations,LU,93323,Adminid
91304,The Northern Trust Company (US),Central Administrations,US,91304,Adminid
41219,Threadneedle Investment Services LTD (GB),Central Administrations,GB,41219,Adminid
17915,Threestones Capital Management S.A. (LU),Central Administrations,LU,17915,Adminid
12261,Tishman Speyer Europe S.à r.l (LU),Central Administrations,LU,12261,Adminid
13819,TMF Fund Services (Luxembourg) S.A. (LU),Central Administrations,LU,13819,Adminid
14001,TMF Luxembourg S.A. (LU),Central Administrations,LU,14001,Adminid
72418,TMW Pramerica Property Ivt GmbH (DE),Central Administrations,DE,72418,Adminid
80477,Tramuntana Management S.à r.l. (LU),Central Administrations,LU,80477,Adminid
84344,Trident Fund Services (Malta) Ld (MT),Central Administrations,MT,84344,Adminid
18596,Trident Trust Co (Lux) S.A. (LU),Central Administrations,LU,18596,Adminid
74645,Tristan Capital Partners LLP (GB),Central Administrations,GB,74645,Adminid
11706,Trust- en Administrat. Interland BV (NL),Central Administrations,NL,11706,Adminid
73483,Trustmoore Luxembourg S.A. (LU),Central Administrations,LU,73483,Adminid
58722,TÜRK EKONOMI BANKASI A.S. (TR),Central Administrations,TR,58722,Adminid
102721,U.S. Bank Global Fund Services (IE),Central Administrations,IE,102721,Adminid
11933,UBS AG (London Branch) (GB),Central Administrations,GB,11933,Adminid
19024,UBS Asset Management (Europe) S.A. (LU),Central Administrations,LU,19024,Adminid
80387,UBS Asset Mgt (Deutschland) GmbH (DE),Central Administrations,DE,80387,Adminid
5236,UBS Asset Mgt (Deutschland) GmbH  (DE),Central Administrations,DE,5236,Adminid
1502,UBS Fund Adminis Services Lux SA (LU),Central Administrations,LU,1502,Adminid
4950,UBS Fund Management (Switzerland) AG (CH),Central Administrations,CH,4950,Adminid
71085,UBS Fund Services (Ireland) Ltd (IE),Central Administrations,IE,71085,Adminid
1563,UBS Fund Services (Luxembourg) S.A. (LU),Central Administrations,LU,1563,Adminid
15717,UBS Real Estate Kapitalanlagegesell. (DE),Central Administrations,DE,15717,Adminid
75356,UBS Switzerland AG (CH),Central Administrations,CH,75356,Adminid
2132,UI efa S.A. (LU),Central Administrations,LU,2132,Adminid
83445,Ultimo Portfolio Investment (Lux) SA (LU),Central Administrations,LU,83445,Adminid
1565,Union Investment Luxembourg S.A. (LU),Central Administrations,LU,1565,Adminid
5216,Union Investment Privatfonds GmbH (DE),Central Administrations,DE,5216,Adminid
15419,United International Management S.A. (LU),Central Administrations,LU,15419,Adminid
44536,Universal-Investment-Gesellschaft (DE),Central Administrations,DE,44536,Adminid
2069,Universal-Investment-Luxembourg S.A. (DE),Central Administrations,DE,2069,Adminid
4335,Universal-Investment-Luxembourg S.A. (LU),Central Administrations,LU,4335,Adminid
11031,"Urquijo Gestion, S.G.I.I.C.S. S.A. (ES)",Central Administrations,ES,11031,Adminid
100888,US Bank Global Fund Services (Lux) (LU),Central Administrations,LU,100888,Adminid
88378,Uzès Gestion (FR),Central Administrations,FR,88378,Adminid
2990,Valartis Asset Management (Austria) (AT),Central Administrations,AT,2990,Adminid
84009,Valletta Fund Services Limited (MT),Central Administrations,MT,84009,Adminid
18738,Valu-Trac Investment Management Limi (GB),Central Administrations,GB,18738,Adminid
103237,VanEck (Europe) GmbH (DE),Central Administrations,DE,103237,Adminid
101781,Vauban Infrastructure Partners (FR),Central Administrations,FR,101781,Adminid
21549,VERA - Corporate and Funds S.A. (LU),Central Administrations,LU,21549,Adminid
71800,Veritas Investment GmbH (DE),Central Administrations,DE,71800,Adminid
70859,V-Fund Trend Management Co Inc (VG),Central Administrations,VG,70859,Adminid
14692,Vistra (Luxembourg) S.à.r.l. (LU),Central Administrations,LU,14692,Adminid
72045,Volksbank Invest Kapitalanl. mbH (AT),Central Administrations,AT,72045,Adminid
5653,von der Heydt Invest SA (LU),Central Administrations,LU,5653,Adminid
4990,Vontobel Fonds Services AG (CH),Central Administrations,CH,4990,Adminid
80246,VP Fund Solutions (Liechtenstein) AG (LI),Central Administrations,LI,80246,Adminid
10231,VP Fund Solutions (Luxembourg) SA (LU),Central Administrations,LU,10231,Adminid
72076,Warburg Invest KAG MBH (DE),Central Administrations,DE,72076,Adminid
5642,Warburg Invest Kapitalanlageges mbH (DE),Central Administrations,DE,5642,Adminid
17268,Waystone Admin Solutions (Lux) S.A. (LU),Central Administrations,LU,17268,Adminid
91510,Waystone Centralised Services(IE)Ltd (IE),Central Administrations,IE,91510,Adminid
10477,Waystone Management Co. (Lux) S.A. (LU),Central Administrations,LU,10477,Adminid
91597,Waystone Mgt Company (IE) Limited (IE),Central Administrations,IE,91597,Adminid
87317,Wealth Fund Services Ltd (CY),Central Administrations,CY,87317,Adminid
104986,Wendel Luxembourg S.A. (LU),Central Administrations,LU,104986,Adminid
72419,WestInvest Gesellschaft für Ivtfds (DE),Central Administrations,DE,72419,Adminid
91352,"Woodfield Fund Adm, LLC (US)",Central Administrations,US,91352,Adminid
20756,YCAP Holding (LU),Central Administrations,LU,20756,Adminid
73898,YT Investor services S.A. (LU),Central Administrations,LU,73898,Adminid
113766,"ZBI Fondsmanagement GmbH, Lux (LU)",Central Administrations,LU,113766,Adminid
5789,Zedra Luxembourg (LU),Central Administrations,LU,5789,Adminid
21917,Zürcher Kantonalbank (CH),Central Administrations,CH,21917,Adminid
